    {

        "metadata": {
            "formatVersion" : 3.1,
            "generatedBy"   : "Blender 2.7 Exporter",
            "vertices"      : 32,
            "faces"         : 30,
            "normals"       : 2,
            "colors"        : 0,
            "uvs"           : [],
            "materials"     : 1,
            "morphTargets"  : 0,
            "bones"         : 0
        },

            "scale" : 1.000000,

            "vertices" : [0.569479,0.132469,-3.19156,0.0233603,0.132469,-2.72632,-0.381626,0.132469,-2.29364,-0.645469,0.132469,-1.87074,-1.01271,0.132469,-1.19451,-1.09638,0.132469,-0.966769,-1.24588,0.132469,-0.371521,-1.31631,0.132469,-0.139344,-1.34009,0.132469,0.102111,-1.31631,0.132469,0.343566,-1.24588,0.132469,0.575742,-1.13151,0.132469,0.789717,-0.977588,0.132469,0.977268,-0.790037,0.132469,1.13119,-0.576062,0.132469,1.24556,-0.343886,0.132469,1.31599,-0.10243,0.132469,1.33977,0.139025,0.132469,1.31599,0.371201,0.132469,1.24556,0.585176,0.132469,1.13119,0.772727,0.132469,0.977267,0.926645,0.132469,0.789716,1.04102,0.132469,0.575741,1.11145,0.132469,0.343565,1.13523,0.132469,0.10211,1.11145,0.132469,-0.139346,1.04102,0.132469,-0.562481,0.971688,0.132469,-0.776455,0.920415,0.132469,-1.19265,1.00142,0.132469,-1.59314,1.16608,0.132469,-2.01001,2.19583,0.132469,-4.03283],
            "faces"    : [34,1,31,0,0,0,0,1,34,25,26,27,0,0,1,0,34,1,30,31,0,0,0,0,34,24,25,27,0,1,0,0,34,1,29,30,0,0,0,0,34,23,24,27,0,0,1,0,34,1,28,29,0,0,0,0,34,22,23,27,0,0,0,0,34,1,27,28,0,0,0,0,34,1,2,3,0,0,0,1,34,3,4,5,0,1,0,0,34,6,7,8,0,0,0,0,34,3,5,6,0,1,0,0,34,1,3,27,0,0,1,0,34,21,22,27,0,0,0,0,34,19,20,21,0,1,0,0,34,17,18,19,0,0,0,1,34,15,16,17,0,1,0,0,34,13,14,15,0,1,0,1,34,11,12,13,0,1,0,1,34,9,10,11,0,1,0,1,34,6,8,9,0,0,0,1,34,3,6,27,0,1,0,0,34,19,21,27,0,1,0,0,34,15,17,19,0,1,0,1,34,11,13,15,0,1,1,1,34,6,9,11,0,0,1,1,34,6,19,27,0,0,1,0,34,11,15,19,0,1,1,1,34,6,11,19,0,0,1,1],
            "uvs"      : [],
            "normals"  : [0,1,0,0,0.999969,0],

            "skinIndices"  : [],
            "skinWeights"  : [],
            "morphTargets" : [],

            "bones"      : [],
            "animations" : [],

            "colors"    : [],
            "materials" : [
				{
					"DbgColor": 15658734,
					"DbgIndex": 0,
					"DbgName": "default",
					"vertexColors": false
				}
            ]


    }
