    {

        "metadata": {
            "formatVersion" : 3.1,
            "generatedBy"   : "Blender 2.7 Exporter",
            "vertices"      : 128,
            "faces"         : 156,
            "normals"       : 96,
            "colors"        : 0,
            "uvs"           : [],
            "materials"     : 1,
            "morphTargets"  : 0,
            "bones"         : 0
        },

            "scale" : 1.000000,

            "vertices" : [0,1.00873,-16.0098,0,0.991193,-14.0099,0.19509,0.989515,-16.01,0.19509,0.971979,-14.0101,0.382683,0.932611,-16.0105,0.382683,0.915075,-14.0106,0.55557,0.840205,-16.0113,0.55557,0.822669,-14.0114,0.707107,0.715847,-16.0124,0.707107,0.698311,-14.0125,0.83147,0.564316,-16.0137,0.83147,0.54678,-14.0138,0.92388,0.391436,-16.0152,0.92388,0.3739,-14.0153,0.980785,0.20385,-16.0169,0.980785,0.186314,-14.017,1,0.00876752,-16.0186,1,-0.00876866,-14.0187,0.980785,-0.186315,-16.0203,0.980785,-0.203851,-14.0204,0.92388,-0.373901,-16.022,0.92388,-0.391437,-14.022,0.83147,-0.546781,-16.0235,0.83147,-0.564318,-14.0235,0.707107,-0.698312,-16.0248,0.707107,-0.715848,-14.0249,0.55557,-0.82267,-16.0259,0.55557,-0.840206,-14.026,0.382683,-0.915077,-16.0267,0.382683,-0.932613,-14.0268,0.19509,-0.97198,-16.0272,0.19509,-0.989516,-14.0273,-3.25841e-07,-0.991194,-16.0274,-3.25841e-07,-1.00873,-14.0274,-0.195091,-0.97198,-16.0272,-0.195091,-0.989516,-14.0273,-0.382684,-0.915076,-16.0267,-0.382684,-0.932613,-14.0268,-0.555571,-0.82267,-16.0259,-0.555571,-0.840206,-14.026,-0.707107,-0.698312,-16.0248,-0.707107,-0.715848,-14.0249,-0.83147,-0.546781,-16.0235,-0.83147,-0.564317,-14.0235,-0.92388,-0.373901,-16.022,-0.92388,-0.391437,-14.022,-0.980785,-0.186315,-16.0203,-0.980785,-0.203851,-14.0204,-1,0.00876841,-16.0186,-1,-0.00876777,-14.0187,-0.980785,0.203851,-16.0169,-0.980785,0.186315,-14.017,-0.923879,0.391437,-16.0152,-0.923879,0.373901,-14.0153,-0.831469,0.564317,-16.0137,-0.831469,0.546781,-14.0138,-0.707106,0.715848,-16.0124,-0.707106,0.698312,-14.0125,-0.555569,0.840206,-16.0113,-0.555569,0.82267,-14.0114,-0.382682,0.932612,-16.0105,-0.382682,0.915076,-14.0106,-0.195089,0.989515,-16.01,-0.195089,0.971979,-14.0101,-6.3905e-07,0.907755,-4.49417,0.19509,0.888541,-4.49434,0.382683,0.831637,-4.49484,0.55557,0.739231,-4.49565,0.707106,0.614873,-4.49674,0.831469,0.463342,-4.49807,0.923879,0.290462,-4.49959,0.980785,0.102876,-4.50123,0.999999,-0.0922066,-4.50294,0.980785,-0.287289,-4.50465,0.923879,-0.474875,-4.5063,0.831469,-0.647756,-4.50781,0.707106,-0.799286,-4.50914,0.55557,-0.923644,-4.51023,0.382683,-1.01605,-4.51104,0.195089,-1.07295,-4.51154,-9.64892e-07,-1.09217,-4.51171,-0.195091,-1.07295,-4.51154,-0.382684,-1.01605,-4.51104,-0.555571,-0.923644,-4.51023,-0.707108,-0.799286,-4.50914,-0.831471,-0.647755,-4.50781,-0.923881,-0.474875,-4.5063,-0.980786,-0.287289,-4.50465,-1,-0.0922058,-4.50294,-0.980786,0.102877,-4.50123,-0.92388,0.290463,-4.49959,-0.83147,0.463343,-4.49807,-0.707107,0.614874,-4.49674,-0.55557,0.739232,-4.49565,-0.382683,0.831638,-4.49484,-0.195089,0.888541,-4.49434,4.20658e-06,0.768556,11.3809,0.195095,0.749342,11.3807,0.382688,0.692438,11.3802,0.555574,0.600032,11.3794,0.707111,0.475674,11.3783,0.831474,0.324143,11.377,0.923884,0.151263,11.3755,0.980789,-0.036323,11.3738,1,-0.231406,11.3721,0.980789,-0.426489,11.3704,0.923884,-0.614074,11.3687,0.831474,-0.786955,11.3672,0.707111,-0.938486,11.3659,0.555574,-1.06284,11.3648,0.382688,-1.15525,11.364,0.195094,-1.21215,11.3635,3.88073e-06,-1.23137,11.3633,-0.195087,-1.21215,11.3635,-0.38268,-1.15525,11.364,-0.555567,-1.06284,11.3648,-0.707103,-0.938485,11.3659,-0.831466,-0.786954,11.3672,-0.923876,-0.614074,11.3687,-0.980781,-0.426488,11.3704,-0.999996,-0.231405,11.3721,-0.980781,-0.0363221,11.3738,-0.923875,0.151264,11.3755,-0.831465,0.324144,11.377,-0.707102,0.475675,11.3783,-0.555565,0.600033,11.3794,-0.382678,0.692439,11.3802,-0.195085,0.749342,11.3807],
            "faces"    : [35,0,1,3,2,0,0,1,2,3,35,2,3,5,4,0,3,2,4,5,35,4,5,7,6,0,5,4,6,7,35,6,7,9,8,0,7,6,8,9,35,8,9,11,10,0,9,8,10,11,35,10,11,13,12,0,11,10,12,13,35,12,13,15,14,0,13,12,14,15,35,14,15,17,16,0,15,14,16,17,35,16,17,19,18,0,17,16,18,19,35,18,19,21,20,0,19,18,20,21,35,20,21,23,22,0,21,20,22,23,35,22,23,25,24,0,23,22,24,25,35,24,25,27,26,0,25,24,26,27,35,26,27,29,28,0,27,26,28,29,35,28,29,31,30,0,29,28,30,31,35,30,31,33,32,0,31,30,32,33,35,32,33,35,34,0,33,32,34,35,35,34,35,37,36,0,35,34,36,37,35,36,37,39,38,0,37,36,38,39,35,38,39,41,40,0,39,38,40,41,35,40,41,43,42,0,41,40,42,43,35,42,43,45,44,0,43,42,44,45,35,44,45,47,46,0,45,44,46,47,35,46,47,49,48,0,47,46,48,49,35,48,49,51,50,0,49,48,50,51,35,50,51,53,52,0,51,50,52,53,35,52,53,55,54,0,53,52,54,55,35,54,55,57,56,0,55,54,56,57,35,56,57,59,58,0,57,56,58,59,35,58,59,61,60,0,59,58,60,61,35,1,63,95,64,0,1,62,62,1,35,1,0,62,63,0,1,0,63,62,35,60,61,63,62,0,61,60,62,63,34,0,60,62,0,0,61,63,34,56,58,60,0,57,59,61,34,52,54,56,0,53,55,57,34,48,50,52,0,49,51,53,34,44,46,48,0,45,47,49,34,40,42,44,0,41,43,45,34,36,38,40,0,37,39,41,34,32,34,36,0,33,35,37,34,28,30,32,0,29,31,33,34,24,26,28,0,25,27,29,34,20,22,24,0,21,23,25,34,16,18,20,0,17,19,21,34,12,14,16,0,13,15,17,34,8,10,12,0,9,11,13,34,4,6,8,0,5,7,9,34,0,2,4,0,0,3,5,34,0,56,60,0,0,57,61,34,48,52,56,0,49,53,57,34,40,44,48,0,41,45,49,34,32,36,40,0,33,37,41,34,24,28,32,0,25,29,33,34,16,20,24,0,17,21,25,34,8,12,16,0,9,13,17,34,0,4,8,0,0,5,9,34,0,48,56,0,0,49,57,34,32,40,48,0,33,41,49,34,16,24,32,0,17,25,33,34,0,8,16,0,0,9,17,34,0,32,48,0,0,33,49,34,0,16,32,0,0,17,33,35,86,85,117,118,0,44,42,64,65,35,43,41,84,85,0,42,40,40,42,35,21,19,73,74,0,20,18,18,20,35,49,47,87,88,0,48,46,46,48,35,5,3,65,66,0,4,2,2,4,35,27,25,76,77,0,26,24,24,26,35,55,53,90,91,0,54,52,52,54,35,11,9,68,69,0,10,8,8,10,35,33,31,79,80,0,32,30,30,32,35,61,59,93,94,0,60,58,58,60,35,39,37,82,83,0,38,36,36,38,35,3,1,64,65,0,2,1,1,2,35,17,15,71,72,0,16,14,14,16,35,45,43,85,86,0,44,42,42,44,35,23,21,74,75,0,22,20,20,22,35,51,49,88,89,0,50,48,48,50,35,7,5,66,67,0,6,4,4,6,35,29,27,77,78,0,28,26,26,28,35,57,55,91,92,0,56,54,54,56,35,35,33,80,81,0,34,32,32,34,35,13,11,69,70,0,12,10,10,12,35,63,61,94,95,0,62,60,60,62,35,41,39,83,84,0,40,38,38,40,35,19,17,72,73,0,18,16,16,18,35,47,45,86,87,0,46,44,44,46,35,25,23,75,76,0,24,22,22,24,35,53,51,89,90,0,52,50,50,52,35,9,7,67,68,0,8,6,6,8,35,31,29,78,79,0,30,28,28,30,35,59,57,92,93,0,58,56,56,58,35,37,35,81,82,0,36,34,34,36,35,15,13,70,71,0,14,12,12,14,34,97,99,98,0,66,67,68,34,101,100,99,0,69,70,67,34,103,102,101,0,71,72,69,34,105,104,103,0,73,74,71,34,107,106,105,0,75,76,73,34,109,108,107,0,77,78,75,34,111,110,109,0,79,80,77,34,113,112,111,0,81,82,79,34,115,114,113,0,83,84,81,34,117,116,115,0,64,85,83,34,119,118,117,0,86,65,64,34,121,120,119,0,87,88,86,34,123,122,121,0,89,90,87,34,125,124,123,0,91,92,89,34,127,126,125,0,93,94,91,34,97,96,127,0,66,95,93,34,97,101,99,0,66,69,67,34,105,103,101,0,73,71,69,34,109,107,105,0,77,75,73,34,113,111,109,0,81,79,77,34,117,115,113,0,64,83,81,34,121,119,117,0,87,86,64,34,125,123,121,0,91,89,87,34,97,127,125,0,66,93,91,34,97,105,101,0,66,73,69,34,113,109,105,0,81,77,73,34,121,117,113,0,87,64,81,34,97,125,121,0,66,91,87,34,97,113,105,0,66,81,73,34,97,121,113,0,66,87,81,35,75,74,106,107,0,22,20,76,75,35,95,94,126,127,0,62,60,94,93,35,84,83,115,116,0,40,38,83,85,35,73,72,104,105,0,18,16,74,73,35,93,92,124,125,0,58,56,92,91,35,82,81,113,114,0,36,34,81,84,35,71,70,102,103,0,14,12,72,71,35,91,90,122,123,0,54,52,90,89,35,69,68,100,101,0,10,8,70,69,35,80,79,111,112,0,32,30,79,82,35,89,88,120,121,0,50,48,88,87,35,67,66,98,99,0,6,4,68,67,35,78,77,109,110,0,28,26,77,80,35,87,86,118,119,0,46,44,65,86,35,65,64,96,97,0,2,1,95,66,35,76,75,107,108,0,24,22,75,78,35,64,95,127,96,0,1,62,93,95,35,85,84,116,117,0,42,40,85,64,35,74,73,105,106,0,20,18,73,76,35,94,93,125,126,0,60,58,91,94,35,83,82,114,115,0,38,36,84,83,35,72,71,103,104,0,16,14,71,74,35,92,91,123,124,0,56,54,89,92,35,81,80,112,113,0,34,32,82,81,35,70,69,101,102,0,12,10,69,72,35,90,89,121,122,0,52,50,87,90,35,68,67,99,100,0,8,